,Country,Freedom Score,Freedom Rank,Suicide Rate per 100k,Happiness Rank,Happiness Score,Fifa Rank,Fifa Total Points
0,Albania,7.568140287999999,48.0,5.6,109.0,4.655,49.0,617.93
1,Algeria,5.135886055,155.0,3.3,38.0,6.355,38.0,692.49
2,Angola,5.640662182000001,142.0,8.9,141.0,3.866,143.0,198.64
3,Argentina,6.469847841,107.0,9.1,26.0,6.65,1.0,1634.02
4,Armenia,7.241401801,57.0,5.7,121.0,4.36,86.0,412.05
5,Australia,8.582219227000001,4.0,11.7,9.0,7.313,47.0,641.49
6,Austria,8.4134742,16.0,11.4,12.0,7.119,31.0,773.49
7,Azerbaijan,6.083276739,130.0,2.6,81.0,5.291,90.0,386.15
8,Bahamas,7.397268922999999,50.0,1.6,,,205.0,0.0
9,Bahrain,6.848034997,75.0,5.7,42.0,6.218,123.0,263.64
10,Bangladesh,5.801300179,138.0,6.1,110.0,4.643,185.0,80.79
11,Barbados,7.0684472320000005,67.0,0.4,,,155.0,163.09
12,Belarus,6.144514082000001,128.0,21.4,61.0,5.8020000000000005,74.0,469.76
13,Belgium,8.153589293,27.0,15.7,18.0,6.9289999999999985,5.0,1367.77
14,Belize,7.145431918,64.0,5.9,52.0,5.956,163.0,140.82
15,Benin,6.738488147000001,90.0,15.7,153.0,3.484,66.0,531.39
16,Bhutan,6.810486407000001,83.0,11.6,84.0,5.1960000000000015,177.0,102.71
17,Bolivia,6.718385007,92.0,,59.0,5.822,95.0,358.52
18,Bosnia and Herzegovina,7.230723572,59.0,6.4,87.0,5.1629999999999985,27.0,825.47
19,Botswana,7.153167226,64.0,11.5,137.0,3.974,112.0,295.52
20,Brazil,6.207988703,123.0,6.1,17.0,6.952000000000001,2.0,1544.05
21,Brunei Darussalam,5.796849859,138.0,4.5,,,190.0,74.38
22,Bulgaria,7.782769537999999,41.0,7.9,129.0,4.217,71.0,491.98
23,Burkina Faso,6.752669835,88.0,14.8,145.0,3.739,50.0,617.37
24,Burundi,5.167067213,154.0,15.0,157.0,2.905,138.0,212.67
25,Cambodia,7.204224142999999,61.0,5.9,140.0,3.907,173.0,118.12
26,Cameroon,5.575387155,144.0,19.5,114.0,4.513,65.0,534.37
27,Canada,8.565863321,5.0,10.4,6.0,7.404,117.0,281.51
28,Cape Verde,7.333291533,53.0,,,,,
29,Central Afr. Rep.,5.287816197,152.0,,,,,
30,Chad,5.474770535,147.0,15.5,144.0,3.763,152.0,179.39
31,Chile,8.00801767,32.0,9.7,24.0,6.705,4.0,1403.96
32,China,5.905410169,135.0,8.0,83.0,5.245,,
33,Colombia,6.760756637,87.0,7.0,31.0,6.481,6.0,1344.7
34,"Congo, Dem. R.",5.308628393,151.0,,,,,
35,"Congo, Rep. Of",5.898933847,136.0,,,,,
36,Costa Rica,7.857714484,37.0,7.5,14.0,7.0870000000000015,17.0,1040.55
37,Cote d'Ivoire,6.531271024,100.0,,,,,
38,Croatia,7.708087876,44.0,11.5,74.0,5.488,14.0,1103.27
39,Cyprus,8.112196958,30.0,4.5,69.0,5.546,115.0,290.27
40,Czech Rep.,8.294880707,21.0,,,,,
41,Denmark,8.547819985,6.0,9.2,1.0,7.526,46.0,643.11
42,Dominican Rep.,7.061287481,69.0,,,,,
43,Ecuador,6.80527768,83.0,7.2,51.0,5.976,20.0,890.45
44,Egypt,4.807276886,156.0,4.4,120.0,4.362,36.0,718.83
45,El Salvador,7.033950991,70.0,13.5,46.0,6.068,137.0,216.34
46,Estonia,8.436850609,14.0,14.4,72.0,5.517,116.0,284.64
47,Ethiopia,5.3970449710000015,150.0,11.4,115.0,4.508,112.0,296.23
48,Fiji,7.291102197000001,55.0,5.5,,,179.0,102.0
49,Finland,8.472183957999999,10.0,13.8,5.0,7.4129999999999985,94.0,367.62
50,France,8.008401464,32.0,12.1,32.0,6.478,7.0,1305.41
51,Gabon,5.5777876110000015,144.0,9.6,134.0,4.121,110.0,308.36
52,"Gambia, The",6.321342351,115.0,,,,,
53,Georgia,7.798267752999999,40.0,6.7,126.0,4.252,118.0,280.94
54,Germany,8.462595689,13.0,9.1,16.0,6.994,3.0,1432.54
55,Ghana,7.236088907999999,57.0,8.7,124.0,4.276,53.0,611.1
56,Greece,7.203384075,61.0,3.8,99.0,5.033,42.0,674.34
57,Guatemala,7.094122991,66.0,2.9,39.0,6.324,79.0,450.36
58,Guinea,5.650600803,141.0,10.5,151.0,3.607,69.0,507.48
59,Guinea-Bissau,6.054860862000001,133.0,7.4,,,68.0,515.46
60,Guyana,6.675897936,96.0,30.2,,,132.0,220.78
61,Haiti,6.847221294,75.0,12.2,136.0,4.0280000000000005,73.0,489.26
62,Honduras,6.723241298,92.0,3.4,104.0,4.871,75.0,467.42
63,Hong Kong,8.776839796,3.0,,75.0,5.457999999999998,139.0,209.51
64,Hungary,7.739472887000001,42.0,13.6,91.0,5.145,26.0,826.32
65,Iceland,8.151753108,27.0,13.3,3.0,7.501,21.0,889.28
66,India,6.412935667999999,110.0,16.5,118.0,4.404,135.0,216.95
67,Indonesia,6.77065623,85.0,3.7,79.0,5.314,171.0,119.77
68,Iran,5.281224623,153.0,,105.0,4.813,,
69,Iraq,4.25801381,159.0,4.1,112.0,4.575,119.0,277.57
70,Ireland,8.504564702,8.0,10.9,19.0,6.907,,
71,Israel,7.517458071,49.0,5.2,11.0,7.267,55.0,594.72
72,Italy,7.980223158999999,34.0,5.5,50.0,5.977,16.0,1082.6
73,Jamaica,7.224208046,60.0,2.0,73.0,5.51,77.0,463.27
74,Japan,8.101885275,31.0,14.3,53.0,5.921,45.0,644.3
75,Jordan,6.849333258,75.0,3.7,80.0,5.303,105.0,323.93
76,Kazakhstan,6.742837772000001,90.0,22.8,54.0,5.919,98.0,354.28
77,Kenya,6.822768345,82.0,5.6,122.0,4.356,89.0,394.51
78,"Korea, South",8.148174929,27.0,,,,,
79,Kuwait,6.190287237000001,124.0,2.2,41.0,6.239,171.0,119.77
80,Kyrgyz Republic,6.588506477,99.0,,,,122.0,265.27
81,Laos,6.386793085,113.0,,102.0,4.876,167.0,133.94
82,Latvia,8.245534042000001,23.0,17.2,68.0,5.56,111.0,303.61
83,Lebanon,6.70999709,95.0,3.2,93.0,5.129,147.0,185.54
84,Lesotho,6.53422198,100.0,28.9,,,141.0,201.69
85,Liberia,6.481700872,106.0,13.4,150.0,3.622,101.0,338.19
86,Libya,4.310282812,158.0,5.5,67.0,5.615,85.0,417.45
87,Lithuania,8.340669463,20.0,25.7,60.0,5.813,105.0,323.87
88,Luxembourg,8.428700911,15.0,10.4,20.0,6.871,130.0,229.91
89,Macedonia,7.271829012,56.0,,95.0,5.121,,
90,Madagascar,6.512561755,103.0,6.9,148.0,3.695,133.0,219.73
91,Malawi,6.652606805,97.0,7.8,132.0,4.1560000000000015,103.0,329.76
92,Malaysia,6.4114899770000005,110.0,6.2,47.0,6.005,161.0,143.4
93,Mali,5.930464736,134.0,8.9,135.0,4.073,60.0,569.25
94,Malta,8.353998731,19.0,6.5,30.0,6.488,183.0,85.13
95,Mauritania,5.473874887999999,147.0,7.5,130.0,4.2010000000000005,108.0,316.8
96,Mauritius,7.8637328160000015,37.0,7.3,66.0,5.648,145.0,191.48
97,Mexico,6.848010198,75.0,5.2,21.0,6.778,18.0,1012.0
98,Moldova,6.849514762,75.0,,55.0,5.897,164.0,137.65
99,Mongolia,7.699156277,45.0,13.3,101.0,4.907,198.0,38.3
100,Montenegro,7.335052066,52.0,7.9,88.0,5.1610000000000005,63.0,549.38
101,Morocco,6.178378256,127.0,3.1,90.0,5.151,57.0,586.71
102,Mozambique,6.0796033220000005,130.0,8.4,,,107.0,319.47
103,Myanmar,5.4416804339999985,149.0,8.1,119.0,4.395,159.0,148.23
104,Namibia,6.897457751,74.0,11.5,113.0,4.574,99.0,346.85
105,Nepal,6.720805695,92.0,9.6,107.0,4.793,181.0,96.49
106,Netherlands,8.55442118,6.0,9.6,7.0,7.338999999999999,22.0,887.14
107,New Zealand,8.887409579,1.0,11.6,8.0,7.334,109.0,310.82
108,Nicaragua,6.851247363,75.0,11.9,48.0,5.992000000000001,124.0,261.86
109,Niger,5.862260048,137.0,9.0,142.0,3.856,127.0,246.22
110,Nigeria,6.071808602999999,132.0,17.3,103.0,4.875,51.0,615.68
111,Norway,8.471240566,10.0,10.1,4.0,7.497999999999998,83.0,421.95
112,Oman,6.134527607000001,129.0,3.5,,,121.0,272.08
113,Pakistan,5.6622962239999985,140.0,3.1,92.0,5.1320000000000014,197.0,39.64
114,Panama,7.647620037,46.0,4.4,25.0,6.7010000000000005,58.0,584.11
115,Pap. New Guinea,6.752474407999999,88.0,,,,,
116,Paraguay,6.962299094,72.0,9.3,70.0,5.5379999999999985,40.0,683.6
117,Peru,7.575393347,47.0,5.1,64.0,5.7429999999999986,19.0,965.37
118,Philippines,6.9187633470000005,73.0,3.7,82.0,5.279,120.0,272.68
119,Poland,7.811560227,39.0,13.4,57.0,5.835,15.0,1086.72
120,Portugal,8.276856122,22.0,8.6,94.0,5.122999999999998,8.0,1229.12
121,Qatar,6.507776487999999,103.0,5.8,36.0,6.375,87.0,411.0
122,Romania,8.171616249,24.0,8.0,71.0,5.528,39.0,689.55
123,Russia,6.272190833,119.0,,56.0,5.856,56.0,591.98
124,Rwanda,6.9738695260000005,71.0,11.0,152.0,3.515,92.0,373.15
125,Saudi Arabia,5.479366035,146.0,3.4,34.0,6.379,54.0,605.09
126,Senegal,6.497093885,105.0,11.8,128.0,4.2189999999999985,33.0,754.74
127,Serbia,7.348971626,51.0,10.9,86.0,5.1770000000000005,44.0,646.93
128,Seychelles,7.301262167999999,54.0,8.3,,,186.0,77.67
129,Sierra Leone,6.3973295760000015,112.0,16.1,111.0,4.635,96.0,355.23
130,Singapore,8.159711817,25.0,7.9,22.0,6.739,165.0,134.58
131,Slovak Rep.,7.918249946,36.0,,,,,
132,Slovenia,7.936395732999999,35.0,13.3,63.0,5.768,51.0,615.53
133,South Africa,7.172571807000001,63.0,12.8,116.0,4.459,60.0,569.12
134,Spain,8.159106882,25.0,6.1,37.0,6.3610000000000015,10.0,1165.66
135,Sri Lanka,6.265360917000001,119.0,14.2,117.0,4.415,195.0,44.14
136,Sudan,4.803023585,157.0,9.5,133.0,4.1389999999999985,135.0,216.71
137,Suriname,7.074281523,67.0,23.2,40.0,6.269,150.0,182.5
138,Swaziland,6.240164329,122.0,,,,100.0,342.91
139,Sweden,8.387375149,17.0,11.7,10.0,7.291,41.0,675.35
140,Switzerland,8.78775905,2.0,11.3,2.0,7.508999999999999,11.0,1128.75
141,Syria,3.765826877,162.0,,156.0,3.069,96.0,354.88
142,Taiwan,8.465697018,10.0,,34.0,6.379,,
143,Tajikistan,6.18616229,124.0,3.3,100.0,4.996,129.0,231.14
144,Tanzania,6.523209346,102.0,,149.0,3.666,156.0,153.61
145,Thailand,6.6247813010000005,98.0,12.9,33.0,6.474,126.0,253.82
146,Timor-Leste,6.368224812999999,114.0,6.4,,,191.0,64.0
147,Togo,6.274969005,119.0,16.6,155.0,3.303,91.0,385.32
148,Trinidad and Tobago,6.8252231939999985,81.0,12.9,43.0,6.167999999999998,78.0,451.5
149,Tunisia,6.433736122000001,109.0,3.2,98.0,5.045,35.0,737.54
150,Turkey,6.466232654,107.0,7.2,78.0,5.3889999999999985,24.0,850.58
151,Uganda,6.769444547000001,85.0,20.0,145.0,3.739,72.0,490.48
152,Ukraine,6.283135204,118.0,18.5,123.0,4.324,30.0,803.65
153,United Arab Emirates,6.286675088,117.0,2.7,28.0,6.573,64.0,541.92
154,United Kingdom,8.497917936,8.0,,23.0,6.725,,
155,United States,8.388655108,17.0,,13.0,7.104,,
156,Uruguay,7.728070903,43.0,16.5,29.0,6.545,9.0,1187.31
157,Venezuela,4.2007244560000006,161.0,,44.0,6.084,59.0,580.98
158,Vietnam,6.1940038,124.0,,96.0,5.061,134.0,217.75
159,"Yemen, Rep.",4.25327767,160.0,,,,,
160,Zambia,6.308849427999999,116.0,11.3,106.0,4.795,88.0,400.56
161,Zimbabwe,5.6153627870000005,143.0,19.1,131.0,4.1930000000000005,102.0,334.3
162,Afghanistan,,,6.4,154.0,3.36,146.0,189.17
163,Antigua and Barbuda,,,0.5,,,93.0,370.44
164,Bolivia (Plurinational State of),,,12.9,,,,
165,Cabo Verde,,,15.1,,,,
166,Central African Republic,,,11.6,,,104.0,325.2
167,Comoros,,,11.1,138.0,3.956,140.0,204.72
168,Congo,,,9.3,,,70.0,504.11
169,Côte d'Ivoire,,,23.0,,,,
170,Cuba,,,10.1,,,151.0,180.02
171,Czechia,,,10.5,,,,
172,Democratic People's Republic of Korea,,,10.6,,,,
173,Democratic Republic of the Congo,,,9.7,,,,
174,Djibouti,,,8.5,,,205.0,0.0
175,Dominican Republic,,,10.5,89.0,5.155,128.0,241.65
176,Equatorial Guinea,,,22.0,,,114.0,292.82
177,Eritrea,,,13.8,,,205.0,0.0
178,Eswatini,,,16.7,,,,
179,Gambia,,,10.0,,,175.0,106.29
180,Grenada,,,1.7,,,158.0,149.58
181,Iran (Islamic Republic of),,,4.0,,,,
182,Kiribati,,,15.2,,,,
183,Kyrgyzstan,,,9.1,85.0,5.185,,
184,Lao People's Democratic Republic,,,9.3,,,,
185,Maldives,,,2.7,,,154.0,174.35
186,Micronesia (Federated States of),,,11.3,,,,
187,Papua New Guinea,,,7.0,,,170.0,121.76
188,Republic of Korea,,,20.2,,,,
189,Republic of Moldova,,,13.4,,,,
190,Russian Federation,,,26.5,,,,
191,Saint Lucia,,,7.3,,,,
192,Saint Vincent and the Grenadines,,,2.4,,,,
193,Samoa,,,5.4,,,191.0,63.75
194,Sao Tome and Principe,,,3.1,,,,
195,Slovakia,,,10.1,45.0,6.0779999999999985,25.0,837.07
196,Solomon Islands,,,5.9,,,187.0,76.5
197,Somalia,,,8.3,76.0,5.44,205.0,0.0
198,South Sudan,,,6.1,143.0,3.832,168.0,122.66
199,Syrian Arab Republic,,,2.4,,,,
200,Republic of North Macedonia,,,6.2,,,,
201,Tonga,,,4.0,,,205.0,0.0
202,Turkmenistan,,,7.2,65.0,5.658,142.0,199.99
203,United Kingdom of Great Britain and Northern Ireland,,,7.6,,,,
204,United Republic of Tanzania,,,9.6,,,,
205,United States of America,,,13.7,,,,
206,Uzbekistan,,,7.4,49.0,5.987,62.0,562.91
207,Vanuatu,,,5.4,,,175.0,106.25
208,Venezuela (Bolivarian Republic of),,,3.8,,,,
209,Viet Nam,,,7.0,,,,
210,Yemen,,,9.8,147.0,3.724,148.0,184.14
211,Puerto Rico,,,,15.0,7.039,144.0,193.84
212,Czech Republic,,,,27.0,6.596,43.0,671.35
213,South Korea,,,,57.0,5.835,,
214,North Cyprus,,,,62.0,5.771,,
215,Kosovo,,,,77.0,5.401,165.0,134.74
216,Somaliland Region,,,,97.0,5.057,,
217,Palestinian Territories,,,,108.0,4.754,,
218,Congo (Kinshasa),,,,125.0,4.272,,
219,Congo (Brazzaville),,,,127.0,4.2360000000000015,,
220,Ivory Coast,,,,139.0,3.916,,
221,Wales,,,,,,12.0,1120.86
222,England,,,,,,13.0,1114.45
223,Republic of Ireland,,,,,,23.0,857.64
224,USA,,,,,,28.0,822.0
225,IR Iran,,,,,,29.0,814.49
226,Northern Ireland,,,,,,32.0,767.31
227,CÃ´te d'Ivoire,,,,,,34.0,746.44
228,Korea Republic,,,,,,37.0,699.47
229,Congo DR,,,,,,48.0,638.43
230,Scotland,,,,,,67.0,524.11
231,CuraÃ§ao,,,,,,75.0,466.63
232,Cape Verde Islands,,,,,,80.0,442.66
233,St Kitts and Nevis,,,,,,80.0,442.64
234,China PR,,,,,,82.0,426.52
235,Faroe Islands,,,,,,83.0,422.49
236,Korea DPR,,,,,,125.0,257.29
237,Palestine,,,,,,131.0,228.91
238,Tahiti,,,,,,148.0,183.52
239,SÃ£o TomÃ© e PrÃ­ncipe,,,,,,153.0,177.22
240,Chinese Taipei,,,,,,157.0,153.11
241,Aruba,,,,,,160.0,146.94
242,FYR Macedonia,,,,,,162.0,142.19
243,New Caledonia,,,,,,168.0,123.0
244,Dominica,,,,,,174.0,112.86
245,St Lucia,,,,,,177.0,103.16
246,St Vincent and the Grenadines,,,,,,179.0,101.65
247,Guam,,,,,,182.0,88.99
248,Macau,,,,,,184.0,81.86
249,Bermuda,,,,,,187.0,76.96
250,Liechtenstein,,,,,,189.0,75.27
251,American Samoa,,,,,,191.0,63.75
252,Cook Islands,,,,,,191.0,63.75
253,US Virgin Islands,,,,,,195.0,43.99
254,Montserrat,,,,,,199.0,30.42
255,Cayman Islands,,,,,,200.0,21.25
256,Turks and Caicos Islands,,,,,,201.0,19.8
257,San Marino,,,,,,202.0,16.63
258,Andorra,,,,,,203.0,11.68
259,British Virgin Islands,,,,,,204.0,10.62
260,Anguilla,,,,,,205.0,0.0
261,Gibraltar,,,,,,205.0,0.0
